,products name
0,Lenovo Micro USB Tangle-free Aramid fiber braided cable...
1,(88)
2,Lenovo Micro USB Tangle-free Aramid fiber braided cable...
3,Lenovo Micro USB Tangle-free Aramid fiber braided cable...
4,Lenovo Micro USB Tangle-free Aramid fiber braided cable...
5,Lenovo Micro USB Tangle-free Aramid fiber braided cable...
6,(88)
7,"PunnkFunnk 10000 mAh Power Bank (18 W, Fast Charging)"
8,(330)
9,Ambrane ACM-1 1m 1 m Micro USB Cable
10,"(3,08,146)"
11,Ambrane ACM-1 1m 1 m Micro USB Cable
12,"(3,08,146)"
13,"Mi 3i 20000 mAh Power Bank (Fast Charging, 18W)"
14,"(1,85,148)"
15,"conekt 10000 mAh Power Bank (12 W, Fast Charging)"
16,"(5,671)"
17,"Mi 3i 10000 mAh Power Bank (Fast Charging, 18W)"
18,"(2,38,289)"
19,RAEGR RG10121_MII Arc 400 Pro 15W Type-C PD [Made in In...
20,"(1,138)"
21,"Mi 3i 10000 mAh Power Bank (Fast Charging, 18W)"
22,"(2,38,289)"
23,boAt Deuce USB 330 2-in-1 Micro USB and Type-c Cable wi...
24,"(31,692)"
25,boAt A320 1.5 m USB Type C Cable
26,"(37,969)"
27,"Vooc Wall Charger Accessory Combo for Realme 3i, Realme..."
28,(150)
29,"Ambrane 10000 mAh Power Bank (12 W, Fast Charging)"
30,"(2,23,375)"
31,Flipkart SmartBuy 10 W 2A Mobile Charger with Charge an...
32,"(42,763)"
33,QUANTUM S2 1m 2.4 A Compatible with Mobile & tablet 2.4...
34,(986)
35,The Hatke Back Cover for Oneplus Nord CE 2 Lite
36,(19)
37,flix (Beetel) XWC-63D Wall Charger 2.4 A Multiport Mobi...
38,(537)
39,"MANTRA Mfs 100 With RD Payment Device, Access Control, ..."
40,"(51,561)"
41,"realme 20000 mAh Power Bank (18 W, Quick Charge 2.0)"
42,"(52,894)"
43,CareFone Back Cover for Realme C31
44,(25)
45,Portronics POR-122 MODESK Universal Mobile Holder (Blac...
46,"(81,569)"
47,Mi SJV4154IN/SJV4116IN 1.2 m Micro USB Cable
48,"(1,55,572)"
49,NJENT New 10 Inches Big LED Ring Light with 7 feet Stan...
50,"(1,704)"
51,BOZTI Back Cover for Infinix Hot 12 Play
52,(22)
53,Croma 10000 mAh Power Bank
54,"(1,859)"
55,Flipkart SmartBuy AMRPB1M01 2.4 A 1 m Micro USB Cable
56,"(31,737)"
57,Flipkart SmartBuy AMRPB1M01 2.4 A 1 m Micro USB Cable
58,"(31,737)"
59,Cafune Back Cover for Oppo A15S
60,(78)
61,boAt Deuce USB 330 2-in-1 Micro USB and Type-c Cable wi...
62,"(31,692)"
63,Flipkart SmartBuy 10 W 2A Mobile Charger with Charge an...
64,"(69,025)"
65,"Ambrane 10000 mAh Power Bank (12 W, Fast Charging)"
66,"(2,23,375)"
67,"BOZTI Back Cover for Redmi Note 10T 5G, Redmi Note 10T"
68,(124)
69,Ambrane RCT-10 3 A 1 m USB Type C Cable
70,"(19,313)"
71,"Mi 30000 mAh Power Bank (18 W, Fast Charging, Power Del..."
72,"(17,799)"
73,Mi SJX02ZM 2 in 1 1 m USB Type C Cable
74,"(70,386)"
75,"BOZTI Back Cover for Vivo Y91i, VIVO Y91I"
76,(48)
77,boAt 50 1.5 m Micro USB Cable
78,"(32,672)"
79,MIFKRT VivO Charging Cable for All VivO/ Phones and And...
80,(765)
81,"realme 10000 mAh Power Bank (18 W, Quick Charge 3.0)"
82,"(73,940)"
83,"SB 30W -VOOC,DART,FLASH with Type-C Cable Charging Adap..."
